,date,revenue_dtc,revenue_amazon,revenue_walmart
1,1/1/20,16000,50000,34000
2,1/2/20,19306.24,60332,41025.76
3,1/3/20,22052.4352,68913.86,46861.4248
4,1/4/20,23176.9865,72428.0828,49251.0963
5,1/5/20,26168.80677,81777.52114,55608.71438
6,1/6/20,29430.23063,91969.47072,62539.24009
7,1/7/20,32550.42602,101720.0813,69169.65529
8,1/8/20,34248.3775,107026.1797,72777.80218
9,1/9/20,36125.32995,112891.6561,76766.32614
10,1/10/20,38359.94335,119874.823,81514.87962
11,1/11/20,40968.90448,128027.8265,87058.92202
12,1/12/20,44434.80639,138858.77,94423.96358
13,1/13/20,45898.59026,143433.0946,97534.50431
14,1/14/20,46332.61846,144789.4327,98456.81423
15,1/15/20,46508.52609,145339.144,98830.61794
16,1/16/20,49838.03557,155743.8612,105905.8256
17,1/17/20,50565.75486,158017.9839,107452.2291
18,1/18/20,,163545.6242,111211.0245
19,1/19/20,54047.26776,168897.7118,114850.444
20,1/20/20,55937.68241,174805.2575,118867.5751
21,1/21/20,56905.48876,177829.6524,120924.1636
22,1/22/20,58368.49899,182401.5593,124033.0603
23,1/23/20,59679.36901,186498.0281,126818.6591
24,1/24/20,60846.26163,190144.5676,129298.306
25,1/25/20,62770.77639,196158.6762,133387.8998
26,1/26/20,64891.04087,202784.5027,137893.4618
27,1/27/20,64992.90005,203102.8127,138109.9126
28,1/28/20,66827.28205,208835.2564,142007.9744
29,1/29/20,67442.25641,210757.0513,143314.7949
30,1/30/20,67115.97128,209737.4102,142621.439
31,1/31/20,68855.73185,215174.162,146318.4302
32,2/1/20,71402.13722,223131.6788,151729.5416
33,2/2/20,71488.81447,223402.5452,151913.7308
34,2/3/20,73400.31818,229375.9943,155975.6761
35,2/4/20,75167.83182,234899.4744,159731.6426
36,2/5/20,74529.27518,232903.9849,158374.7098
37,2/6/20,76360.12968,238625.4052,162265.2756
38,2/7/20,76686.04708,239643.8971,162957.8501
39,2/8/20,77721.28614,242879.0192,165157.7331
40,2/9/20,79403.82042,248136.9388,168733.1184
41,2/10/20,80911.10401,252847.2,171936.096
42,2/11/20,80126.48193,250395.256,170268.7741
43,2/12/20,81608.75229,255027.3509,173418.5986
44,2/13/20,81132.25725,253538.3039,172406.0466
45,2/14/20,81239.6921,253874.0378,172634.3457
46,2/15/20,81500.97826,254690.5571,173189.5788
47,2/16/20,80512.71869,251602.2459,171089.5272
48,2/17/20,79606.62432,248770.701,169164.0767
49,2/18/20,79602.01183,248756.287,169154.2751
50,2/19/20,78721.1716,246003.6612,167282.4896
51,2/20/20,78344.50817,244826.588,166482.0799
52,2/21/20,77902.098,243444.0563,165541.9583
53,2/22/20,79110.29604,247219.6751,168109.3791
54,2/23/20,81073.85012,253355.7816,172281.9315
55,2/24/20,80002.29312,250007.166,170004.8729
56,2/25/20,81222.72726,253821.0227,172598.2954
57,2/26/20,82246.91271,257021.6022,174774.6895
58,2/27/20,81133.33446,253541.6702,172408.3357
59,2/28/20,80824.90777,252577.8368,171752.929
60,2/29/20,81027.44961,253210.78,172183.3304
61,3/1/20,81270.58062,253970.5644,172699.9838
62,3/2/20,82975.72901,259299.1532,176323.4241
63,3/3/20,83811.89443,261912.1701,178100.2757
64,3/4/20,84915.65654,265361.4267,180445.7701
65,3/5/20,86196.86341,269365.1982,183168.3347
66,3/6/20,84917.24614,265366.3942,180449.148
67,3/7/20,85252.18122,266413.0663,181160.8851
68,3/8/20,86026.65759,268833.305,182806.6474
69,3/9/20,86570.44444,270532.6389,183962.1944
70,3/10/20,85800.31555,268125.9861,182325.6705
71,3/11/20,85149.90924,266093.4664,180943.5571
72,3/12/20,85720.67106,267877.0971,182156.426
73,3/13/20,84236.01764,263237.5551,179001.5375
74,3/14/20,82947.93728,259212.304,176264.3667
75,3/15/20,83448.81854,260777.5579,177328.7394
76,3/16/20,82443.36217,257635.5068,175192.1446
77,3/17/20,82402.65492,257508.2966,175105.6417
78,3/18/20,81487.24182,254647.6307,173160.3889
79,3/19/20,81119.73699,253499.1781,172379.4411
80,3/20/20,80145.02225,250453.1945,170308.1723
81,3/21/20,79448.2018,248275.6306,168827.4288
82,3/22/20,79201.95777,247506.118,168304.1603
83,3/23/20,77919.83861,243499.4957,165579.6571
84,3/24/20,77689.12184,242778.5057,165089.3839
85,3/25/20,79043.4994,247010.9356,167967.4362
86,3/26/20,80042.94941,250134.2169,170091.2675
87,3/27/20,81254.25043,253919.5326,172665.2822
88,3/28/20,80087.08542,250272.1419,170185.0565
89,3/29/20,79946.14371,249831.6991,169885.5554
90,3/30/20,81357.94084,254243.5651,172885.6243
91,3/31/20,79760.22202,249250.6938,169490.4718
92,4/1/20,81106.77758,253458.6799,172351.9024
93,4/2/20,81578.40203,254932.5063,173354.1043
94,4/3/20,81331.63399,254161.3562,172829.7222
95,4/4/20,79996.36131,249988.6291,169992.2678
96,4/5/20,79696.43408,249051.3565,169354.9224
97,4/6/20,80226.3454,250707.3294,170480.984
98,4/7/20,80451.25849,251410.1828,170958.9243
99,4/8/20,81639.03332,255121.9791,173482.9458
100,4/9/20,81771.53265,255536.0395,173764.5069
101,4/10/20,82070.822,256471.3188,174400.4968
102,4/11/20,82124.92556,256640.3924,174515.4668
103,4/12/20,81961.14705,256128.5845,174167.4375
104,4/13/20,82959.68411,259249.0128,176289.3287
105,4/14/20,83384.65043,260577.0326,177192.3822
106,4/15/20,83375.99742,260549.9919,177173.9945
107,4/16/20,81871.83747,255849.4921,173977.6546
108,4/17/20,83031.36072,259473.0023,176441.6415
109,4/18/20,84085.77351,262768.0422,178682.2687
110,4/19/20,84767.89804,264899.6814,180131.7833
111,4/20/20,84923.58008,265386.1877,180462.6077
112,4/21/20,83667.02847,261459.464,177792.4355
113,4/22/20,84090.3279,262782.2747,178691.9468
114,4/23/20,84789.32135,264966.6292,180177.3079
115,4/24/20,84640.09492,264500.2966,179860.2017
116,4/25/20,83332.57302,260414.2907,177081.7177
117,4/26/20,81653.92156,255168.5049,173514.5833
118,4/27/20,80855.40313,252673.1348,171817.7317
119,4/28/20,80777.01507,252428.1721,171651.157
120,4/29/20,81139.55477,253561.1086,172421.5539
121,4/30/20,81732.28367,255413.3865,173681.1028
122,5/1/20,81204.198,253763.1187,172558.9207
123,5/2/20,80966.83404,253021.3564,172054.5223
124,5/3/20,78934.21736,246669.4292,167735.2119
125,5/4/20,79904.01301,249700.0407,169796.0276
126,5/5/20,78065.61275,243955.0398,165889.4271
127,5/6/20,77553.74049,242355.439,164801.6985
128,5/7/20,78444.10568,245137.8303,166693.7246
129,5/8/20,79074.42357,247107.5737,168033.1501
130,5/9/20,79143.3351,247322.9222,168179.5871
131,5/10/20,77457.5884,242054.9637,164597.3753
132,5/11/20,75644.75663,236389.8645,160745.1078
133,5/12/20,75394.4215,235607.5672,160213.1457
134,5/13/20,74751.65307,233598.9158,158847.2628
135,5/14/20,75395.50001,235610.9375,160215.4375
136,5/15/20,75900.87001,237190.2188,161289.3488
137,5/16/20,76116.2926,237863.4144,161747.1218
138,5/17/20,74611.08675,233159.6461,158548.5593
139,5/18/20,74993.26502,234353.9532,159360.6882
140,5/19/20,75342.83972,235446.3741,160103.5344
141,5/20/20,72986.70292,228083.4466,155096.7437
142,5/21/20,70989.04886,221840.7777,150851.7288
143,5/22/20,71619.50789,223810.9621,152191.4543
144,5/23/20,69935.11773,218547.2429,148612.1252
145,5/24/20,70770.65538,221158.298,150387.6427
146,5/25/20,69013.16227,215666.1321,146652.9698
147,5/26/20,68301.53902,213442.3094,145140.7704
148,5/27/20,68475.18824,213984.9633,145509.775
149,5/28/20,68055.60448,212673.764,144618.1595
150,5/29/20,66737.85239,208555.7887,141817.9363
151,5/30/20,65247.57534,203898.6729,138651.0976
152,5/31/20,65836.38383,205738.6995,139902.3156
153,6/1/20,64940.77616,202939.9255,137999.1493
154,6/2/20,63925.96063,199768.627,135842.6663
155,6/3/20,63059.44142,197060.7544,134001.313
156,6/4/20,62767.85259,196149.5393,133381.6868
157,6/5/20,62478.89554,195246.5486,132767.653
158,6/6/20,62357.15763,194866.1176,132508.96
159,6/7/20,61014.33448,190669.7952,129655.4608
160,6/8/20,60202.04779,188131.3993,127929.3515
161,6/9/20,58385.20683,182453.7713,124068.5645
162,6/10/20,58644.86269,183265.1959,124620.3332
163,6/11/20,57314.36544,179107.392,121793.0266
164,6/12/20,55750.95813,174221.7442,118470.786
165,6/13/20,56042.65897,175133.3093,119090.6503
166,6/14/20,56710.12579,177219.1431,120509.0173
167,6/15/20,57249.36327,178904.2602,121654.897
168,6/16/20,55869.17601,174591.175,118721.999
169,6/17/20,54190.03249,169343.8515,115153.819
170,6/18/20,51803.19184,161884.9745,110081.7827
171,6/19/20,50703.608,158448.775,107745.167
172,6/20/20,48590.65584,151845.7995,103255.1437
173,6/21/20,48730.20273,152281.8835,103551.6808
174,6/22/20,49024.55867,153201.7458,104177.1872
175,6/23/20,47848.3875,149526.2109,101677.8234
176,6/24/20,48526.77975,151646.1867,103119.407
177,6/25/20,46820.08415,146312.763,99492.67882
178,6/26/20,46924.64247,146639.5077,99714.86525
179,6/27/20,46525.18962,145391.2176,98866.02794
180,6/28/20,44361.88583,138630.8932,94269.00738
181,6/29/20,43937.20811,137303.7753,93366.56724
182,6/30/20,42379.42395,132435.6998,90056.27589
183,7/1/20,40727.03547,127271.9858,86544.95037
184,7/2/20,39182.41476,122445.0461,83262.63137
185,7/3/20,36937.16647,115428.6452,78491.47874
186,7/4/20,36734.58314,114795.5723,78060.98916
187,7/5/20,36318.29147,113494.6609,77176.36938
188,7/6/20,34885.04564,109015.7676,74130.72199
189,7/7/20,35557.26473,111116.4523,75559.18755
190,7/8/20,36160.83944,113002.6232,76841.7838
191,7/9/20,37001.14265,115628.5708,78627.42813
192,7/10/20,37401.43979,116879.4994,79478.05956
193,7/11/20,37915.971,118487.4094,80571.43837
194,7/12/20,38886.13158,121519.1612,82633.0296
195,7/13/20,38414.96895,120046.778,81631.80901
196,7/14/20,39337.22957,122928.8424,83591.61283
197,7/15/20,40201.04498,125628.2656,85427.22058
198,7/16/20,39192.54408,122476.7002,83284.15616
199,7/17/20,39578.9332,123684.1662,84105.23304
200,7/18/20,39578.71453,123683.4829,84104.76838
201,7/19/20,39382.66024,123070.8133,83688.15301
202,7/20/20,40048.12704,125150.397,85102.26995
203,7/21/20,40051.4845,125160.889,85109.40455
204,7/22/20,38257.97481,119556.1713,81298.19646
205,7/23/20,37698.73531,117808.5478,80109.81253
206,7/24/20,37921.8806,118505.8769,80583.99628
207,7/25/20,36154.64299,112983.2593,76828.61636
208,7/26/20,37024.67013,115702.0942,78677.42403
209,7/27/20,35269.29673,110216.5523,74947.25555
210,7/28/20,35902.63079,112195.7212,76293.09044
211,7/29/20,37175.45818,116173.3068,78997.84863
212,7/30/20,37450.82901,117033.8407,79583.01166
213,7/31/20,35993.49243,,76486.17142
214,8/1/20,36398.26259,113744.5706,77346.30799
215,8/2/20,35782.93733,111821.6792,76038.74184
216,8/3/20,36316.23859,113488.2456,77172.007
217,8/4/20,35850.55382,112032.9807,76182.42686
218,8/5/20,37280.58274,116501.8211,79221.23832
219,8/6/20,36271.93108,113349.7846,77077.85355
220,8/7/20,36560.09246,114250.2889,77690.19648
221,8/8/20,36140.09061,112937.7832,76797.69255
222,8/9/20,34508.3288,107838.5275,73330.1987
223,8/10/20,34160.40223,106751.257,72590.85473
224,8/11/20,35344.23418,110450.7318,75106.49763
225,8/12/20,35888.2295,112150.7172,76262.48768
226,8/13/20,35083.26491,109635.2028,74551.93793
227,8/14/20,34989.11961,109340.9988,74351.87917
228,8/15/20,35352.21722,110475.6788,75123.46159
229,8/16/20,35230.29287,110094.6652,74864.37235
230,8/17/20,35007.12702,109397.2719,74390.14491
231,8/18/20,36027.30447,112585.3265,76558.02201
232,8/19/20,36769.79839,114905.62,78135.82157
233,8/20/20,36830.72242,115096.0076,78265.28514
234,8/21/20,36557.62797,114242.5874,77684.95943
235,8/22/20,37301.99541,116568.7357,79266.74025
236,8/23/20,38027.3155,118835.3609,80808.04544
237,8/24/20,39226.92919,122584.1537,83357.22453
238,8/25/20,40759.19061,127372.4706,86613.28004
239,8/26/20,40584.8068,126827.5212,86242.71444
240,8/27/20,41061.59066,128317.4708,87255.88015
241,8/28/20,39761.47885,124254.6214,84493.14255
242,8/29/20,39016.96927,121928.029,82911.0597
243,8/30/20,39016.14988,121925.4684,82909.3185
244,8/31/20,38302.54689,119695.459,81392.91213
245,9/1/20,37569.93595,117406.0498,79836.11389
246,9/2/20,37099.17723,115934.9288,78835.75161
247,9/3/20,37610.15369,117531.7303,79921.57658
248,9/4/20,38560.19061,120500.5957,81940.40505
249,9/5/20,39468.9868,123340.5837,83871.59695
250,9/6/20,38470.48706,120220.2721,81749.78501
251,9/7/20,37996.27732,118738.3666,80742.08931
252,9/8/20,37216.83178,116302.5993,79085.76752
253,9/9/20,36157.93514,112993.5473,76835.61217
254,9/10/20,35903.25644,112197.6764,76294.41993
255,9/11/20,36736.55131,114801.7228,78065.17153
256,9/12/20,37766.62028,118020.6884,80254.0681
257,9/13/20,38295.12788,119672.2746,81377.14674
258,9/14/20,37621.86532,117568.3291,79946.4638
259,9/15/20,38243.18801,119509.9625,81266.77453
260,9/16/20,39964.56425,124889.2633,84924.69904
261,9/17/20,41059.99297,128312.478,87252.48506
262,9/18/20,40558.95311,126746.7285,86187.77535
263,9/19/20,41111.29405,128472.7939,87361.49985
264,9/20/20,42043.46817,131385.838,89342.36985
265,9/21/20,43818.5988,136933.1213,93114.52245
266,9/22/20,43162.22683,134881.9588,91719.732
267,9/23/20,43533.38229,136041.8197,92508.43736
268,9/24/20,42771.35464,133660.4833,90889.12862
269,9/25/20,42474.00755,132731.2736,90257.26605
270,9/26/20,42170.1274,131781.6481,89611.52072
271,9/27/20,41748.48485,130464.0152,88715.53031
272,9/28/20,43773.99515,136793.7349,93019.7397
273,9/29/20,44346.99525,138584.3602,94237.36491
274,9/30/20,45490.61535,142158.173,96667.55761
275,10/1/20,46033.92304,143856.0095,97822.08646
276,10/2/20,47765.40458,149266.8893,101501.4847
277,10/3/20,48758.73649,152371.0515,103612.315
278,10/4/20,48107.24176,150335.1305,102227.8887
279,10/5/20,48239.17692,150747.4279,102508.251
280,10/6/20,49654.71338,155170.9793,105516.2659
281,10/7/20,49233.45912,153854.5597,104621.1006
282,10/8/20,48635.18993,151984.9685,103349.7786
283,10/9/20,50440.24614,157625.7692,107185.523
284,10/10/20,52356.88121,163615.2538,111258.3726
285,10/11/20,52806.38359,165019.9487,112213.5651
286,10/12/20,53954.41592,168607.5497,114653.1338
287,10/13/20,55630.3676,173844.8987,118214.5311
288,10/14/20,55699.68025,174061.5008,118361.8205
289,10/15/20,56979.28664,178060.2708,121080.9841
290,10/16/20,56046.10091,175144.0653,119097.9644
291,10/17/20,55834.77889,174483.684,118648.9051
292,10/18/20,55090.56331,172158.0104,117067.447
293,10/19/20,55042.51205,172007.8501,116965.3381
294,10/20/20,57105.34181,178454.1931,121348.8513
295,10/21/20,57143.07497,178572.1093,121429.0343
296,10/22/20,56529.81347,176655.6671,120125.8536
297,10/23/20,58506.8972,182834.0538,124327.1566
298,10/24/20,60226.35926,188207.3727,127981.0134
299,10/25/20,61530.15207,192281.7252,130751.5732
300,10/26/20,61074.42903,190857.5907,129783.1617
301,10/27/20,61579.34045,192435.4389,130856.0985
302,10/28/20,63491.27364,198410.2301,134918.9565
303,10/29/20,64825.28817,202579.0255,137753.7374
304,10/30/20,66964.4624,209263.945,142299.4826
305,10/31/20,68645.01316,214515.6661,145870.653
306,11/1/20,68440.75289,213877.3528,145436.5999
307,11/2/20,68549.05784,214215.8057,145666.7479
308,11/3/20,67752.79668,211727.4896,143974.6929
309,11/4/20,68099.18074,212809.9398,144710.7591
310,11/5/20,67337.51713,210429.741,143092.2239
311,11/6/20,68936.04679,215425.1462,146489.0994
312,11/7/20,68759.72585,214874.1433,146114.4174
313,11/8/20,70575.89133,220549.6604,149973.7691
314,11/9/20,72121.49351,225379.6672,153258.1737
315,11/10/20,74411.06364,232534.5739,158123.5102
316,11/11/20,76585.72236,239330.3824,162744.66
317,11/12/20,78790.80792,246221.2747,167430.4668
318,11/13/20,80194.83176,250608.8492,170414.0175
319,11/14/20,79529.81512,248530.6723,169000.8571
320,11/15/20,79831.69882,249474.0588,169642.36
321,11/16/20,79088.02485,247150.0776,168062.0528
322,11/17/20,79536.18435,248550.5761,169014.3917
323,11/18/20,81424.02066,254450.0646,173026.0439
324,11/19/20,81424.34025,254451.0633,173026.723
325,11/20/20,82973.13344,259291.042,176317.9086
326,11/21/20,83814.79077,261921.2212,178106.4304
327,11/22/20,85749.85496,267968.2967,182218.4418
328,11/23/20,85557.41786,267366.9308,181809.513
329,11/24/20,86461.6295,270192.5922,183730.9627
330,11/25/20,86492.39691,270288.7404,183796.3434
331,11/26/20,86758.54897,271120.4655,184361.9166
332,11/27/20,87190.09799,272469.0562,185278.9582
333,11/28/20,88450.61603,276408.1751,187957.5591
334,11/29/20,88774.72371,277421.0116,188646.2879
335,11/30/20,89594.74924,279983.5914,190388.8421
336,12/1/20,91687.17425,286522.4195,194835.2453
337,12/2/20,91880.15077,287125.4712,195245.3204
338,12/3/20,93200.62775,291251.9617,198051.334
339,12/4/20,93927.0152,293521.9225,199594.9073
340,12/5/20,93814.3949,293169.984,199355.5892
341,12/6/20,94231.707,294474.0844,200242.3774
342,12/7/20,94745.31286,296079.1027,201333.7898
343,12/8/20,94555.2066,295485.0206,200929.814
344,12/9/20,96898.18247,302806.8202,205908.6377
345,12/10/20,97246.77882,303896.1838,206649.405
346,12/11/20,97702.48324,305320.2601,207617.7769
347,12/12/20,99324.59358,310389.3549,211064.7614
348,12/13/20,99068.66171,309589.5678,210520.9061
349,12/14/20,99537.84847,311055.7765,211517.928
350,12/15/20,99936.2115,312300.6609,212364.4494
351,12/16/20,99981.80727,312443.1477,212461.3405
352,12/17/20,102130.3311,319157.2848,217026.9536
353,12/18/20,103549.1645,323591.1391,220041.9746
354,12/19/20,104200.2612,325625.8163,221425.5551
355,12/20/20,105927.936,331024.8,225096.864
356,12/21/20,105352.2573,329225.804,223873.5467
357,12/22/20,106182.6521,331820.7879,225638.1358
358,12/23/20,106620.7591,333189.8721,226569.1131
359,12/24/20,108024.5039,337576.5747,229552.0708
360,12/25/20,107726.7338,336646.0432,228919.3094
361,12/26/20,110009.9591,343781.1223,233771.1632
362,12/27/20,110734.24,346044.4999,235310.2599
363,12/28/20,111718.9152,349121.6099,237402.6947
364,12/29/20,113410.9369,354409.1777,240998.2408
365,12/30/20,112581.2781,351816.4941,239235.216
366,12/31/20,112323.2526,351010.1643,238686.9117
367,1/1/21,111984.9475,349952.961,237968.0135
368,1/2/21,111459.4886,348310.9017,236851.4132
369,1/3/21,113765.8188,355518.1837,241752.3649
370,1/4/21,115205.5424,360017.32,244811.7776
371,1/5/21,115380.6316,360564.4736,245183.8421
372,1/6/21,115887.5789,362148.6842,246261.1052
373,1/7/21,116729.1874,364778.7105,248049.5231
374,1/8/21,115688.6836,361527.1363,245838.4527
375,1/9/21,117447.7099,367024.0935,249576.3836
376,1/10/21,117325.9557,366643.6117,249317.6559
377,1/11/21,118532.5566,370414.2394,251881.6828
378,1/12/21,120150.8655,375471.4547,255320.5892
379,1/13/21,120654.5682,377045.5256,256390.9574
380,1/14/21,120703.8768,377199.6151,256495.7382
381,1/15/21,120113.6393,375355.1227,255241.4835
382,1/16/21,119273.4465,372729.5203,253456.0738
383,1/17/21,119756.2976,374238.4299,254482.1323
384,1/18/21,121232.8516,378852.6613,257619.8097
385,1/19/21,122433.3146,382604.1081,260170.7935
386,1/20/21,123925.2883,387266.5259,263341.2376
387,1/21/21,125346.9425,391709.1954,266362.2529
388,1/22/21,124776.3237,389926.0115,265149.6878
389,1/23/21,125177.4372,391179.4912,266002.054
390,1/24/21,125551.3285,392347.9014,266796.573
391,1/25/21,125635.8219,392611.9434,266976.1215
392,1/26/21,126445.0254,395140.7045,268695.6791
393,1/27/21,125627.8049,392586.8904,266959.0855
394,1/28/21,125306.7688,391583.6526,266276.8838
395,1/29/21,124973.4335,390541.9796,265568.5461
396,1/30/21,123395.2448,385610.14,262214.8952
397,1/31/21,124219.0199,388184.4372,263965.4173
398,2/1/21,123269.9995,385218.7484,261948.7489
399,2/2/21,123064.7595,384577.3735,261512.614
400,2/3/21,122020.2643,381313.326,259293.0617
401,2/4/21,120680.499,377126.5595,256446.0604
402,2/5/21,121945.4491,381079.5283,259134.0792
403,2/6/21,122641.7401,383255.4377,260613.6977
404,2/7/21,123736.4253,386676.329,262939.9037
405,2/8/21,124864.5768,390201.8024,265337.2256
406,2/9/21,124811.7652,390036.7663,265225.0011
407,2/10/21,125350.2499,391719.531,266369.2811
408,2/11/21,124966.2849,390519.6404,265553.3555
409,2/12/21,124457.5192,388929.7476,264472.2284
410,2/13/21,125677.3288,392741.6526,267064.3238
411,2/14/21,126235.1423,394484.8196,268249.6773
412,2/15/21,125084.1994,390888.1232,265803.9238
413,2/16/21,123568.4354,386151.3607,262582.9253
414,2/17/21,122883.6267,384011.3335,261127.7068
415,2/18/21,124184.6742,388077.1068,263892.4327
416,2/19/21,122482.2607,382757.0647,260274.804
417,2/20/21,123271.3355,385222.9234,261951.5879
418,2/21/21,123947.3488,387335.4649,263388.1162
419,2/22/21,122618.1618,383181.7556,260563.5938
420,2/23/21,122518.2786,382869.6205,260351.342
421,2/24/21,123790.953,386846.7281,263055.7751
422,2/25/21,122021.3739,381316.7936,259295.4196
423,2/26/21,121515.5065,379735.9577,258220.4512
424,2/27/21,122613.9963,383168.7385,260554.7422
425,2/28/21,120918.1964,377869.3638,256951.1674
426,3/1/21,119417.9125,373180.9765,253763.064
427,3/2/21,119135.9542,372299.857,253163.9027
428,3/3/21,119863.6351,374573.8598,254710.2247
429,3/4/21,118259.4824,369560.8826,251301.4002
430,3/5/21,116434.7728,363858.665,247423.8922
431,3/6/21,115634.8773,361358.9917,245724.1143
432,3/7/21,114688.0998,358400.3118,243712.2121
433,3/8/21,113528.2578,354775.8056,241247.5478
434,3/9/21,113909.6926,355967.7895,242058.0969
435,3/10/21,112970.0588,353031.4337,240061.3749
436,3/11/21,111839.1376,349497.305,237658.1674
437,3/12/21,110159.3149,344247.8589,234088.5441
438,3/13/21,109677.4086,342741.9017,233064.4932
439,3/14/21,109578.5804,342433.0637,232854.4833
440,3/15/21,109091.3288,340910.4024,231819.0737
441,3/16/21,107263.7422,335199.1944,227935.4522
442,3/17/21,106074.3074,331482.2105,225407.9031
443,3/18/21,104194.2612,325607.0663,221412.8051
444,3/19/21,104062.216,325194.425,221132.209
445,3/20/21,102256.3317,319551.0365,217294.7048
446,3/21/21,102857.925,321431.0157,218573.0907
447,3/22/21,102731.4865,321035.8954,218304.4089
448,3/23/21,103545.3368,323579.1775,220033.8407
449,3/24/21,104395.5501,326236.094,221840.5439
450,3/25/21,105562.5191,329882.8721,224320.353
451,3/26/21,106158.6287,331745.7146,225587.086
452,3/27/21,104471.4561,326473.3003,222001.8442
453,3/28/21,103877.707,324617.8343,220740.1274
454,3/29/21,103076.4728,322113.9777,219037.5048
455,3/30/21,101550.4634,317345.1981,215794.7347
456,3/31/21,99553.37412,311104.2941,211550.92
457,4/1/21,100164.7066,313014.7083,212850.0016
458,4/2/21,100035.8125,312611.9141,212576.1016
459,4/3/21,99909.65626,312217.6758,212308.0196
460,4/4/21,99525.86313,311018.3223,211492.4592
461,4/5/21,98016.46587,306301.4558,208284.99
462,4/6/21,96738.53655,302307.9267,205569.3902
463,4/7/21,94942.32582,296694.7682,201752.4424
464,4/8/21,95282.99931,297759.3728,202476.3735
465,4/9/21,95006.29932,296894.6854,201888.3861
466,4/10/21,93487.29333,292147.7917,198660.4983
467,4/11/21,94538.66747,295433.3358,200894.6684
468,4/12/21,94461.81412,295193.1691,200731.355
469,4/13/21,94990.81784,296846.3057,201855.4879
470,4/14/21,95803.32148,299385.3796,203582.0581
471,4/15/21,93636.05505,292612.672,198976.617
472,4/16/21,91942.21395,287319.4186,195377.2046
473,4/17/21,92653.44967,289542.0302,196888.5805
474,4/18/21,92242.46068,288257.6896,196015.2289
475,4/19/21,193005.4515,290642.0358,197636.5844
476,4/20/21,93507.42243,292210.6951,198703.2727
477,4/21/21,93363.19398,291759.9812,198396.7872
478,4/22/21,94295.9301,294674.7816,200378.8515
479,4/23/21,94256.8915,294552.7859,200295.8944
480,4/24/21,92512.07367,289100.2302,196588.1566
481,4/25/21,91890.3122,287157.2256,195266.9134
482,4/26/21,91072.34596,284601.0811,193528.7352
483,4/27/21,91501.29904,285941.5595,194440.2605
484,4/28/21,89551.27306,279847.7283,190296.4552
485,4/29/21,88713.20759,277228.7737,188515.5661
486,4/30/21,89606.14344,280019.1983,190413.0548
487,5/1/21,88316.10057,275987.8143,187671.7137
488,5/2/21,86984.01856,271825.058,184841.0394
489,5/3/21,85960.65819,268627.0568,182666.3987
490,5/4/21,85397.44503,266867.0157,181469.5707
491,5/5/21,84603.09613,264384.6754,179781.5793
492,5/6/21,82639.8342,258249.4819,175609.6477
493,5/7/21,83141.91752,259818.4922,176676.5747
494,5/8/21,82401.79917,257505.6224,175103.8232
495,5/9/21,82418.72319,257558.51,175139.7868
496,5/10/21,82616.90872,258177.8398,175560.931
497,5/11/21,81242.97055,253884.283,172641.3124
498,5/12/21,79953.31114,249854.0973,169900.7862
499,5/13/21,78434.08491,245106.5154,166672.4304
500,5/14/21,77316.60322,241614.385,164297.7818
501,5/15/21,75404.83115,235640.0973,160235.2662
502,5/16/21,76122.81453,237883.7954,161760.9809
503,5/17/21,75915.55824,237236.1195,161320.5613
504,5/18/21,73919.48707,230998.3971,157078.91
505,5/19/21,72312.45733,225976.4292,153663.9718
506,5/20/21,72691.48819,227160.9006,154469.4124
507,5/21/21,72844.53842,227639.1826,154794.6441
508,5/22/21,72251.80765,225786.8989,153535.0913
509,5/23/21,72896.6915,227802.1609,154905.4694
510,5/24/21,73109.95767,228468.6177,155358.66
511,5/25/21,72744.07852,227325.2454,154581.1668
512,5/26/21,72669.03695,227090.7405,154421.7035
513,5/27/21,71307.97621,222837.4256,151529.4494
514,5/28/21,69616.85668,217552.6771,147935.8205
515,5/29/21,69518.91955,217246.6236,147727.704
516,5/30/21,67423.74116,210699.1911,143275.45
517,5/31/21,67330.46634,210407.7073,143077.241
518,6/1/21,65687.69701,205274.0532,139586.3561
519,6/2/21,64028.66307,200089.5721,136060.909
520,6/3/21,63874.96981,199609.2806,135734.3108
521,6/4/21,63558.91041,198621.595,135062.6846
522,6/5/21,61943.0922,193572.1631,131629.0709
523,6/6/21,60753.83036,189855.7199,129101.8895
524,6/7/21,60309.15375,188466.1055,128156.9517
525,6/8/21,60662.81068,189571.2834,128908.4727
526,6/9/21,59665.55446,186454.8577,126789.3032
527,6/10/21,59828.56337,186964.2605,127135.6972
528,6/11/21,58102.23211,181569.4753,123467.2432
529,6/12/21,56538.58746,176683.0858,120144.4984
530,6/13/21,54538.85571,170433.9241,115895.0684
531,6/14/21,55315.9186,172862.2456,117546.327
532,6/15/21,54671.04023,170847.0007,116175.9605
533,6/16/21,52341.93942,163568.5607,111226.6213
534,6/17/21,50597.98064,158118.6895,107520.7089
535,6/18/21,50845.38102,158891.8157,108046.4347
536,6/19/21,49310.0734,154093.9794,104783.906
537,6/20/21,47979.87193,149937.0998,101957.2279
538,6/21/21,46625.2345,145703.8578,99078.6233
539,6/22/21,44614.16981,139419.2806,94805.11084
540,6/23/21,44225.24641,138203.895,93978.64862
541,6/24/21,44271.46148,138348.3171,94076.85565
542,6/25/21,43913.55225,137229.8508,93316.29853
543,6/26/21,42847.60121,133898.7538,91051.15256
544,6/27/21,40847.92918,127649.7787,86801.84951
545,6/28/21,41632.4106,130101.2831,88468.87252
546,6/29/21,40941.36239,127941.7575,87000.39507
547,6/30/21,41653.73514,130167.9223,88514.18717
548,7/1/21,40876.34044,127738.5639,86862.22343
549,7/2/21,40045.05363,125140.7926,85095.73896
550,7/3/21,40222.39256,125694.9767,85472.58418
551,7/4/21,40529.4647,126654.5772,86125.1125
552,7/5/21,38912.63541,121601.9857,82689.35025
553,7/6/21,37109.4227,115966.9459,78857.52324
554,7/7/21,35891.07425,112159.607,76268.53278
555,7/8/21,34176.61276,106801.9149,72625.30212
556,7/9/21,34812.76051,108789.8766,73977.11608
557,7/10/21,35861.4653,112067.0791,76205.61376
558,7/11/21,35060.07599,109562.7375,74502.66148
559,7/12/21,34746.87447,108583.9827,73837.10825
560,7/13/21,34196.73698,106864.8031,72668.06609
561,7/14/21,33380.00224,104312.507,70932.50477
562,7/15/21,34288.7222,107152.2569,72863.53467
563,7/16/21,33249.02775,103903.2117,70654.18398
564,7/17/21,34291.7272,107161.6475,72869.9203
565,7/18/21,33526.69265,104770.9145,71244.22189
566,7/19/21,33788.9588,105590.4963,71801.53745
567,7/20/21,34492.21963,107788.1863,73295.9667
568,7/21/21,34282.53523,107132.9226,72850.38737
569,7/22/21,34926.32453,109144.7642,74218.43962
570,7/23/21,33558.67804,104870.8689,71312.19083
571,7/24/21,33778.38448,105557.4515,71779.06701
572,7/25/21,33489.05679,104653.3025,71164.24567
573,7/26/21,31882.79565,99633.73641,67750.94076
574,7/27/21,33197.61974,103742.5617,70544.94194
575,7/28/21,34233.50734,106979.7104,72746.20311
576,7/29/21,34077.7972,106493.1162,72415.31904
577,7/30/21,33856.88125,105802.7539,71945.87266
578,7/31/21,32243.26363,100760.1988,68516.93521
579,8/1/21,32876.79836,102739.9949,69863.19651
580,8/2/21,33305.50239,104079.695,70774.19258
581,8/3/21,34727.55234,108523.6011,73796.04872
582,8/4/21,35756.68129,111739.629,75982.94775
583,8/5/21,34142.82767,106696.3365,72553.50879
584,8/6/21,33509.25111,104716.4097,71207.15862
585,8/7/21,33393.62609,104355.0815,70961.45545
586,8/8/21,32275.83357,100861.9799,68586.14634
587,8/9/21,33193.5169,103729.7403,70536.22341
588,8/10/21,34523.24656,107885.1455,73361.89894
589,8/11/21,34310.70163,107220.9426,72910.24096
590,8/12/21,35919.0476,112247.0237,76327.97614
591,8/13/21,35236.66665,110114.5833,74877.91662
592,8/14/21,34607.13331,108147.2916,73540.15829
593,8/15/21,33236.91065,103865.3458,70628.43512
594,8/16/21,32805.45243,102517.0389,69711.58642
595,8/17/21,32554.14338,101731.6981,69177.55469
596,8/18/21,31556.82052,98615.06412,67058.2436
597,8/19/21,30333.04411,94790.76283,64457.71873
598,8/20/21,31371.34322,98035.44758,66664.10435
599,8/21/21,32932.23636,102913.2386,69981.00226
600,8/22/21,33295.19163,104047.4739,70752.28222
601,8/23/21,32184.3278,100576.0244,68391.69658
602,8/24/21,31841.44124,99504.50389,67663.06264
603,8/25/21,31496.13242,98425.41381,66929.28139
604,8/26/21,30898.52977,96557.90553,65659.37576
605,8/27/21,30900.71918,96564.74742,65664.02825
606,8/28/21,30575.02479,95546.95247,64971.92768
607,8/29/21,30014.0843,93794.01343,63779.92913
608,8/30/21,30348.04261,94837.63316,64489.59055
609,8/31/21,30148.60176,94214.38049,64065.77874
610,9/1/21,30259.86972,94562.09288,64302.22316
611,9/2/21,29855.63233,93298.85103,63443.2187
612,9/3/21,30344.91968,94827.87401,64482.95432
613,9/4/21,31335.46129,97923.31653,66587.85524
614,9/5/21,30381.71206,94942.85019,64561.13813
615,9/6/21,30654.71782,95795.99319,65141.27537
616,9/7/21,30430.58346,95095.57333,64664.98986
617,9/8/21,32455.4118,101423.1619,68967.75007
618,9/9/21,31450.62356,98283.19862,66832.57506
619,9/10/21,33100.17109,103438.0347,70337.86356
620,9/11/21,33344.40767,104201.274,70856.86629
621,9/12/21,33651.59951,105161.2485,71509.64897
622,9/13/21,35193.60752,109980.0235,74786.41599
623,9/14/21,36956.61537,115489.423,78532.80767
624,9/15/21,39013.48306,121917.1346,82903.65151
625,9/16/21,38532.4134,120413.7919,81881.37848
626,9/17/21,38104.48514,119076.516,80972.03091
627,9/18/21,40203.03543,125634.4857,85431.45029
628,9/19/21,40046.01472,125143.796,85097.78129
629,9/20/21,39862.21443,124569.4201,84707.20566
630,9/21/21,39409.13014,123153.5317,83744.40155
631,9/22/21,39796.62754,124364.4611,84567.83352
632,9/23/21,39496.69499,123427.1718,83930.47685
633,9/24/21,38642.76109,120758.6284,82115.86731
634,9/25/21,39082.38587,122132.4558,83050.06997
635,9/26/21,39069.05815,122090.8067,83021.74857
636,9/27/21,38225.11699,119453.4906,81228.37359
637,9/28/21,39086.69465,122145.9208,83059.22612
638,9/29/21,40370.56075,126158.0024,85787.4416
639,9/30/21,41594.18954,129981.8423,88387.65277
640,10/1/21,41595.42575,129985.7055,88390.27971
641,10/2/21,41217.91723,128805.9914,87588.07412
642,10/3/21,41684.59889,130264.3715,88579.77264
643,10/4/21,43097.30691,134679.0841,91581.77718
644,10/5/21,44531.20077,139160.0024,94628.80164
645,10/6/21,46370.49676,144907.8024,98537.30561
646,10/7/21,45527.08682,142272.1463,96745.0595
647,10/8/21,47604.70508,148764.7034,101159.9983
648,10/9/21,49937.25098,156053.9093,106116.6583
649,10/10/21,49871.14596,155847.3311,105976.1852
650,10/11/21,50316.44304,157238.8845,106922.4415
651,10/12/21,51041.31418,159504.1068,108462.7926
652,10/13/21,52160.3279,163001.0247,110840.6968
653,10/14/21,54255.04134,169547.0042,115291.9629
654,10/15/21,55249.46051,172654.5641,117405.1036
655,10/16/21,57500.7913,179689.9728,122189.1815
656,10/17/21,58024.53548,181326.6734,123302.1379
657,10/18/21,59495.24477,185922.6399,126427.3951
658,10/19/21,59075.73987,184611.6871,125535.9472
659,10/20/21,61064.94508,190827.9534,129763.0083
660,10/21/21,62164.28617,194263.3943,132099.1081
661,10/22/21,63297.96045,197806.1264,134508.166
662,10/23/21,63548.00124,198587.5039,135039.5026
663,10/24/21,64679.12122,202122.2538,137443.1326
664,10/25/21,66829.37879,208841.8087,142012.4299
665,10/26/21,68980.47122,215563.9726,146583.5013
666,10/27/21,70040.86179,218877.6931,148836.8313
667,10/28/21,70007.08456,218772.1392,148765.0547
668,10/29/21,71819.58287,224436.1965,152616.6136
669,10/30/21,71445.11121,223265.9725,151820.8613
670,10/31/21,72865.80898,227705.6531,154839.8441
671,11/1/21,73760.3328,230501.04,156740.7072
672,11/2/21,74260.00615,232062.5192,157802.5131
673,11/3/21,74723.92603,233512.2688,158788.3428
674,11/4/21,74475.8475,232737.0235,158261.1759
675,11/5/21,73675.29055,230235.283,156559.9924
676,11/6/21,74977.14474,234303.5773,159326.4326
677,11/7/21,76233.92185,238231.0058,161997.0839
678,11/8/21,77991.16341,243722.3857,165731.2223
679,11/9/21,79995.50014,249985.9379,169990.4378
680,11/10/21,81944.39014,256076.2192,174131.829
681,11/11/21,81103.42234,253448.1948,172344.7725
682,11/12/21,82409.03389,257528.2309,175119.197
683,11/13/21,83973.65321,262417.6663,178444.0131
684,11/14/21,84537.70015,264180.313,179642.6128
685,11/15/21,85884.22615,268388.2067,182503.9806
686,11/16/21,85692.62162,267789.4426,182096.8209
687,11/17/21,86295.40919,269673.1537,183377.7445
688,11/18/21,86048.70101,268902.1906,182853.4896
689,11/19/21,87370.76699,273033.6468,185662.8798
690,11/20/21,88693.59165,277167.4739,188473.8822
691,11/21/21,88468.83981,276465.1244,187996.2846
692,11/22/21,87677.86302,273993.3219,186315.4589
693,11/23/21,89635.50576,280110.9555,190475.4497
694,11/24/21,91090.95564,284659.2364,193568.2807
695,11/25/21,92181.13653,288066.0517,195884.9151
696,11/26/21,93303.2738,291572.7306,198269.4568
697,11/27/21,94901.20832,296566.276,201665.0677
698,11/28/21,96630.70416,301970.9505,205340.2463
699,11/29/21,96335.21007,301047.5315,204712.3214
700,11/30/21,96614.74587,301921.0808,205306.335
701,12/1/21,98457.65095,307680.1592,209222.5083
702,12/2/21,100391.2179,313722.556,213331.3381
703,12/3/21,102334.5936,319795.6049,217461.0114
704,12/4/21,104042.3017,325132.1928,221089.8911
705,12/5/21,103385.4557,323079.549,219694.0933
706,12/6/21,104964.1466,328012.958,223048.8114
707,12/7/21,105278.6236,328995.6988,223717.0752
708,12/8/21,105063.7712,328324.2849,223260.5137
709,12/9/21,106402.8157,332508.7992,226105.9834
710,12/10/21,106011.0794,331284.6232,225273.5438
711,12/11/21,106246.2178,332019.4307,225773.2129
712,12/12/21,105971.3735,331160.5421,225189.1686
713,12/13/21,106058.186,331431.8313,225373.6453
714,12/14/21,107544.3823,336076.1946,228531.8123
715,12/15/21,107473.8146,335855.6707,228381.8561
716,12/16/21,108754.0983,339856.5573,231102.459
717,12/17/21,108724.4564,339763.9262,231039.4698
718,12/18/21,110417.9672,345056.1477,234638.1804
719,12/19/21,109752.0079,342975.0247,233223.0168
720,12/20/21,111777.6077,349305.0242,237527.4165
721,12/21/21,112865.2556,352703.9237,239838.6681
722,12/22/21,113862.9905,355821.8452,241958.8548
723,12/23/21,116023.1707,362572.4083,246549.2377
724,12/24/21,117294.8673,366546.4602,249251.5929
725,12/25/21,118779.8499,371187.031,252407.1811
726,12/26/21,119723.6129,374136.2904,254412.6774
727,12/27/21,120208.6607,375652.0645,255443.4039
728,12/28/21,120408.9674,376278.0233,255869.0558
729,12/29/21,121352.3081,379225.9628,257873.6547
730,12/30/21,122628.6219,383214.4435,260585.8216
731,12/31/21,124177.0095,388053.1547,263876.1452
732,1/1/22,126187.8693,394337.0916,268149.2223
733,1/2/22,127578.5119,398682.8497,271104.3378
734,1/3/22,129288.8617,404027.6927,274738.8311
735,1/4/22,130378.6044,407433.1389,277054.5344
736,1/5/22,131285.5924,410267.4761,278981.8838
737,1/6/22,130241.1605,407003.6266,276762.4661
738,1/7/22,130571.5373,408036.0541,277464.5168
739,1/8/22,130024.4266,406326.333,276301.9064
740,1/9/22,131810.018,411906.3063,280096.2883
741,1/10/22,131305.4977,410329.6802,279024.1825
742,1/11/22,130064.6677,406452.0866,276387.4189
743,1/12/22,129679.5344,405248.5449,275569.0105
744,1/13/22,130208.6637,406902.074,276693.4103
745,1/14/22,130191.6904,406849.0325,276657.3421
746,1/15/22,131026.7366,409458.5518,278431.8152
747,1/16/22,129801.5619,405629.8808,275828.3189
748,1/17/22,130916.2506,409113.2832,278197.0326
749,1/18/22,131464.1656,410825.5175,279361.3519
750,1/19/22,133104.8023,415952.5072,282847.7049
751,1/20/22,132149.1062,412965.957,280816.8508
752,1/21/22,130756.5241,408614.1379,277857.6138
753,1/22/22,129700.1136,405312.8551,275612.7415
754,1/23/22,128290.9114,400909.098,272618.1867
755,1/24/22,127552.9331,398602.9161,271049.9829
756,1/25/22,128647.9545,402024.8577,273376.9033
757,1/26/22,127902.8354,399696.3606,271793.5252
758,1/27/22,128069.5787,400217.4334,272147.8547
759,1/28/22,127273.1471,397728.5847,270455.4376
760,1/29/22,128380.0042,401187.513,272807.5088
761,1/30/22,127363.2841,398010.2627,270646.9787
762,1/31/22,126594.5784,395608.0575,269013.4791
763,2/1/22,125142.8468,391071.3963,265928.5495
764,2/2/22,123816.4699,386926.4684,263109.9985
765,2/3/22,123462.5405,385820.439,262357.8986
766,2/4/22,123007.3697,384398.0303,261390.6606
767,2/5/22,122391.5423,382473.5697,260082.0274
768,2/6/22,122444.0314,382637.5983,260193.5668
769,2/7/22,123016.5908,384426.8463,261410.2555
770,2/8/22,121846.819,380771.3094,258924.4904
771,2/9/22,120596.4426,376863.8832,256267.4406
772,2/10/22,121525.6338,379767.6055,258241.9718
773,2/11/22,120936.4011,377926.2534,256989.8523
774,2/12/22,122409.1931,382528.7283,260119.5353
775,2/13/22,122011.0892,381284.6538,259273.5646
776,2/14/22,121406.3874,379394.9607,257988.5733
777,2/15/22,122309.7797,382218.0615,259908.2818
778,2/16/22,123679.4241,386498.2003,262818.7762
779,2/17/22,123465.1956,385828.7363,262363.5407
780,2/18/22,122304.3717,382201.1615,259896.7898
781,2/19/22,122205.3243,381891.6383,259686.314
782,2/20/22,121994.1778,381231.8055,259237.6278
783,2/21/22,123037.6542,384492.6694,261455.0152
784,2/22/22,123205.5411,385017.316,261811.7749
785,2/23/22,121743.9903,380449.9697,258705.9794
786,2/24/22,122682.5505,383382.9703,260700.4198
787,2/25/22,120989.5395,378092.3109,257102.7714
788,2/26/22,120636.4687,376988.9647,256352.496
789,2/27/22,120635.0993,376984.6854,256349.5861
790,2/28/22,121221.2773,378816.4917,257595.2144
791,3/1/22,119658.2918,373932.1619,254273.8701
792,3/2/22,119153.446,372354.5186,253201.0727
793,3/3/22,119065.897,372080.9283,253015.0312
794,3/4/22,119457.0591,373303.3097,253846.2506
795,3/5/22,120559.2779,376747.7435,256188.4656
796,3/6/22,121601.0524,380003.2886,258402.2363
797,3/7/22,120783.2713,377447.7228,256664.4515
798,3/8/22,121054.3259,378294.7684,257240.4425
799,3/9/22,119495.1594,373422.373,253927.2137
800,3/10/22,117521.4162,367254.4256,249733.0094
801,3/11/22,115587.9479,361212.3371,245624.3892
802,3/12/22,114125.9489,356643.5903,242517.6414
803,3/13/22,112915.1099,352859.7185,239944.6086
804,3/14/22,113528.3277,354776.0241,241247.6964
805,3/15/22,112866.4012,352707.5037,239841.1025
806,3/16/22,112539.3131,351685.3536,239146.0404
807,3/17/22,110540.0469,345437.6465,234897.5996
808,3/18/22,111350.6859,347970.8936,236620.2076
809,3/19/22,111305.4322,347829.4757,236524.0435
810,3/20/22,110457.4036,345179.3862,234721.9826
811,3/21/22,108568.0955,339275.2985,230707.203
812,3/22/22,109564.5736,342389.2925,232824.7189
813,3/23/22,107870.7221,337096.0066,229225.2845
814,3/24/22,108319.7077,338499.0865,230179.3788
815,3/25/22,107817.9535,336931.1048,229113.1513
816,3/26/22,106869.1145,333965.9827,227096.8682
817,3/27/22,106714.1322,333481.663,226767.5309
818,3/28/22,105422.0895,329444.0298,224021.9402
819,3/29/22,105642.7677,330133.6492,224490.8814
820,3/30/22,105031.6724,328223.9762,223192.3038
821,3/31/22,103832.6389,324476.9967,220644.3577
822,4/1/22,103793.1062,324353.4567,220560.3506
823,4/2/22,102199.964,319374.8876,217174.9236
824,4/3/22,101821.0848,318190.8899,216369.8051
825,4/4/22,102260.6631,319564.5721,217303.909
826,4/5/22,102494.6498,320295.7806,217801.1308
827,4/6/22,102218.0368,319431.365,217213.3282
828,4/7/22,102786.7961,321208.7377,218421.9416
829,4/8/22,103738.1001,324181.5629,220443.4628
830,4/9/22,104037.4181,325116.9317,221079.5135
831,4/10/22,102754.7498,321108.5931,218353.8433
832,4/11/22,103096.7748,322177.4212,219080.6464
833,4/12/22,102589.0793,320590.8728,218001.7935
834,4/13/22,100951.3777,315473.0553,214521.6776
835,4/14/22,101628.8301,317590.0942,215961.2641
836,4/15/22,99933.69354,312292.7923,212359.0988
837,4/16/22,98721.09967,308503.4365,209782.3368
838,4/17/22,98973.87768,309293.3677,210319.4901
839,4/18/22,98845.12013,308891.0004,210045.8803
840,4/19/22,98861.97772,308943.6804,210081.7027
841,4/20/22,99024.73817,309452.3068,210427.5686
842,4/21/22,97432.88341,304477.7606,207044.8772
843,4/22/22,95726.94574,299146.7054,203419.7597
844,4/23/22,94442.96682,295134.2713,200691.3045
845,4/24/22,92882.42749,290257.5859,197375.1584
846,4/25/22,92898.69894,290308.4342,197409.7352
847,4/26/22,93289.52496,291529.7655,198240.2405
848,4/27/22,93680.05446,292750.1702,199070.1157
849,4/28/22,93683.41337,292760.6668,199077.2534
850,4/29/22,91893.1051,287165.9534,195272.8483
851,4/30/22,92212.363,288163.6344,195951.2714
852,5/1/22,90700.91574,283440.3617,192739.4459
853,5/2/22,90330.25743,282282.0545,191951.797
854,5/3/22,88211.49228,275660.9134,187449.4211
855,5/4/22,88377.18243,276178.6951,187801.5127
856,5/5/22,87322.91878,272884.1212,185561.2024
857,5/6/22,87824.62041,274451.9388,186627.3184
858,5/7/22,88322.528,276007.9,187685.372
859,5/8/22,88107.27744,275335.242,187227.9646
860,5/9/22,86413.45189,270042.0372,183628.5853
861,5/10/22,86582.46285,270570.1964,183987.7336
862,5/11/22,87075.6136,272111.2925,185035.6789
863,5/12/22,87571.22132,273660.0666,186088.8453
864,5/13/22,87445.0769,273265.8653,185820.7884
865,5/14/22,86213.45536,269417.048,183203.5926
866,5/15/22,83958.14625,262369.207,178411.0608
867,5/16/22,82086.18333,256519.3229,174433.1396
868,5/17/22,80948.45966,252963.9364,172015.4768
869,5/18/22,81324.37047,254138.6577,172814.2872
870,5/19/22,79971.64306,249911.3846,169939.7415
871,5/20/22,78172.6902,244289.6569,166116.9667
872,5/21/22,76381.55639,238692.3637,162310.8073
873,5/22/22,75522.72526,236008.5165,160485.7912
874,5/23/22,75517.39076,235991.8461,160474.4554
875,5/24/22,74026.56294,231333.0092,157306.4463
876,5/25/22,73470.99169,229596.849,156125.8573
877,5/26/22,71213.57185,222542.412,151328.8402
878,5/27/22,70961.14041,221753.5638,150792.4234
879,5/28/22,69455.99761,217049.9925,147593.9949
880,5/29/22,70324.63765,219764.4927,149439.855
881,5/30/22,69160.2249,216125.7028,146965.4779
882,5/31/22,67108.0604,209712.6888,142604.6284
883,6/1/22,66328.61919,207276.935,140948.3158
884,6/2/22,64615.80681,201924.3963,137308.5895
885,6/3/22,64070.53067,200220.4084,136149.8777
886,6/4/22,61954.24006,193607.0002,131652.7601
887,6/5/22,60380.91526,188690.3602,128309.4449
888,6/6/22,60114.09695,187856.553,127742.456
889,6/7/22,59032.29502,184475.9219,125443.6269
890,6/8/22,58151.32912,181722.9035,123571.5744
891,6/9/22,58439.18253,182622.4454,124183.2629
892,6/10/22,57452.63888,179539.4965,122086.8576
893,6/11/22,55456.5461,173301.7066,117845.1605
894,6/12/22,53352.21518,166725.6724,113373.4573
895,6/13/22,52842.13088,165131.659,112289.5281
896,6/14/22,51021.12826,159441.0258,108419.8976
897,6/15/22,49834.9457,155734.2053,105899.2596
898,6/16/22,49994.56678,156233.0212,106238.4544
899,6/17/22,49141.71545,153567.8608,104426.1453
900,6/18/22,49942.56114,156070.5036,106127.9424
901,6/19/22,48370.58992,151158.0935,102787.5036
902,6/20/22,48694.37812,152169.9316,103475.5535
903,6/21/22,46890.25055,146532.033,99641.78243
904,6/22/22,47075.64554,147111.3923,100035.7468
905,6/23/22,46220.85263,144440.1645,98219.31184
906,6/24/22,44089.23558,137778.8612,93689.62561
907,6/25/22,42956.25087,134238.284,91282.03309
908,6/26/22,43080.96585,134628.0183,91547.05243
909,6/27/22,43318.86653,135371.4579,92052.59138
910,6/28/22,43995.2092,137485.0288,93489.81956
911,6/29/22,43085.86502,134643.3282,91557.46317
912,6/30/22,41517.10772,129740.9616,88223.8539
913,7/1/22,40313.00556,125978.1424,85665.13682
914,7/2/22,38372.82545,119915.0795,81542.25409
915,7/3/22,38278.32894,119619.7779,81341.44901
916,7/4/22,36406.20237,113769.3824,77363.18003
917,7/5/22,34475.83832,107736.9947,73261.15643
918,7/6/22,35581.20155,111191.2548,75610.0533
919,7/7/22,35821.57752,111942.4298,76120.85223
920,7/8/22,36507.54597,114086.0812,77578.53519
921,7/9/22,37246.51505,116395.3595,79148.84448
922,7/10/22,36781.10475,114940.9523,78159.84759
923,7/11/22,37904.84265,118452.6333,80547.79064
924,7/12/22,38715.7058,120986.5806,82270.87483
925,7/13/22,38821.55169,121317.349,82495.79733
926,7/14/22,39333.76065,122918.002,83584.24138
927,7/15/22,39013.64544,121917.642,82903.99656
928,7/16/22,40073.05253,125228.2892,85155.23663
929,7/17/22,38740.71148,121064.7234,82324.01189
930,7/18/22,37179.81725,116186.9289,79007.11166
931,7/19/22,37331.4209,116660.6903,79329.26942
932,7/20/22,36869.43249,115216.9765,78347.54403
933,7/21/22,37762.44384,118007.637,80245.19315
934,7/22/22,37386.39496,116832.4843,79446.08929
935,7/23/22,36259.78706,113311.8346,77052.0475
936,7/24/22,36270.11132,113344.0979,77073.98655
937,7/25/22,35441.34909,110754.2159,75312.86682
938,7/26/22,36476.84211,113990.1316,77513.28949
939,7/27/22,36120.90527,112877.829,76756.9237
940,7/28/22,35416.72716,110677.2724,75260.54522
941,7/29/22,35731.59262,111661.2269,75929.63432
942,7/30/22,36428.80077,113840.0024,77411.20163
943,7/31/22,37437.66475,116992.7024,79555.0376
944,8/1/22,37250.83146,116408.8483,79158.01685
945,8/2/22,36009.81483,112530.6713,76520.85651
946,8/3/22,34701.61853,108442.5579,73740.93938
947,8/4/22,33708.22616,105338.2068,71629.98059
948,8/5/22,32854.54164,102670.4426,69815.90098
949,8/6/22,31347.21081,97960.03377,66612.82296
950,8/7/22,31955.14659,99859.83309,67904.6865
951,8/8/22,31790.60366,99345.63643,67555.03277
952,8/9/22,32552.87158,101727.7237,69174.85212
953,8/10/22,33450.61415,104533.1692,71082.55507
954,8/11/22,34640.48187,108251.5058,73611.02397
955,8/12/22,33525.91223,104768.4757,71242.56349
956,8/13/22,33398.75399,104371.1062,70972.35222
957,8/14/22,32811.73891,102536.6841,69724.94518
958,8/15/22,33517.26413,104741.4504,71224.18628
959,8/16/22,32928.51885,102901.6214,69973.10255
960,8/17/22,33790.90847,105596.589,71805.6805
961,8/18/22,33167.8903,103649.6572,70481.76689
962,8/19/22,32472.69249,101477.164,69004.47155
963,8/20/22,31438.59864,98245.62077,66807.02212
964,8/21/22,32536.70667,101677.2083,69140.50168
965,8/22/22,34006.45254,106270.1642,72263.71164
966,8/23/22,35477.84349,110868.2609,75390.41741
967,8/24/22,35353.56662,110479.8957,75126.32906
968,8/25/22,35012.41529,109413.7978,74401.38248
969,8/26/22,35841.28698,112004.0218,76162.73483
970,8/27/22,37230.70124,116345.9414,79115.24014
971,8/28/22,36326.24722,113519.5225,77193.27533
972,8/29/22,36025.00227,112578.1321,76553.12983
973,8/30/22,36789.14223,114966.0695,78176.92723
974,8/31/22,38359.27938,119872.7481,81513.46869
975,9/1/22,39449.37379,123279.2931,83829.91931
976,9/2/22,39289.34632,122779.2072,83489.86093
977,9/3/22,40055.07939,125172.1231,85117.04371
978,9/4/22,40799.5778,127498.6806,86699.10283
979,9/5/22,41096.38625,128426.207,87329.82078
980,9/6/22,42676.53852,133364.1829,90687.64436
981,9/7/22,43076.60775,134614.3992,91537.79147
982,9/8/22,43003.5556,134386.1112,91382.55564
983,9/9/22,43274.20449,135231.889,91957.68453
984,9/10/22,42255.4404,132048.2512,89792.81084
985,9/11/22,42228.57159,131964.2862,89735.71462
986,9/12/22,43541.28016,136066.5005,92525.22033
987,9/13/22,45343.89455,141699.6705,96355.77592
988,9/14/22,46838.45666,146370.1771,99531.72041
989,9/15/22,47534.64753,148545.7735,101011.126
990,9/16/22,48151.79458,150474.3581,102322.5635
991,9/17/22,47287.79869,147774.3709,100486.5722
992,9/18/22,46799.48271,146248.3835,99448.90076
993,9/19/22,47437.25306,148241.4158,100804.1627
994,9/20/22,46516.188,145363.0875,98846.89949
995,9/21/22,48404.74424,151264.8257,102860.0815
996,9/22/22,49780.64935,155564.5292,105783.8799
997,9/23/22,49413.51637,154417.2386,105003.7223
998,9/24/22,51374.36604,160544.8939,109170.5278
999,9/25/22,53410.71872,166908.496,113497.7773
1000,9/26/22,52671.30434,164597.8261,111926.5217
1001,9/27/22,52532.59826,164164.3696,111631.7713
1002,9/28/22,53464.50629,167076.5822,113612.0759
1003,9/29/22,55462.89617,173321.5505,117858.6544
1004,9/30/22,55284.19824,172763.1195,117478.9213
1005,10/1/22,54609.23428,170653.8571,116044.6228
1006,10/2/22,54730.00959,171031.28,116301.2704
1007,10/3/22,55272.0494,172725.1544,117453.105
1008,10/4/22,55975.72841,174924.1513,118948.4229
1009,10/5/22,57169.33384,178654.1683,121484.8344
1010,10/6/22,58871.06717,183972.0849,125101.0177
1011,10/7/22,58169.16582,181778.6432,123609.4774
1012,10/8/22,58158.26251,181744.5703,
1013,10/9/22,58555.25726,182985.1789,124429.9217
1014,10/10/22,59796.95211,186865.4753,127068.5232
1015,10/11/22,59689.81307,186530.6658,126840.8528
1016,10/12/22,61684.81681,192765.0525,131080.2357
1017,10/13/22,62440.08047,195125.2515,132685.171
1018,10/14/22,64429.51886,201342.2464,136912.7276
1019,10/15/22,63984.76849,199952.4015,135967.633
1020,10/16/22,64771.79312,202411.8535,137640.0604
1021,10/17/22,,,136361.1592
1022,10/18/22,64319.67811,200998.9941,136679.316
1023,10/19/22,63388.48455,198089.0142,134700.5297
1024,10/20/22,65011.43485,203160.7339,138149.2991
1025,10/21/22,67216.64616,210052.0192,142835.3731
1026,10/22/22,66383.35323,207447.9789,141064.6256
1027,10/23/22,67422.40617,210695.0193,143272.6131
1028,10/24/22,68425.79805,213830.6189,145404.8208
1029,10/25/22,69704.64209,217827.0065,148122.3644
1030,10/26/22,69847.98924,218274.9664,148426.9771
1031,10/27/22,71300.62946,222814.4671,151513.8376
1032,10/28/22,72051.41687,225160.6777,153109.2608
1033,10/29/22,73971.66853,231161.4642,157189.7956
1034,10/30/22,73823.43516,230698.2349,156874.7997
1035,10/31/22,75431.60646,235723.7702,160292.1637